Número de pedido,Nombre del producto
PEDIDO N.º 407-4697798-4507539,MAXGROOM Afeitadora ...
PEDIDO N.º 407-8386053-7540348,ORETECH para Funda i...
PEDIDO N.º 407-5603310-2372304,Yohii Funda Magnétic...
PEDIDO N.º 407-7388535-1154724,COTOP Gorro Bluetoot...
PEDIDO N.º 407-3447855-7433122,Cortauñas Set Profes...
PEDIDO N.º 407-4078109-2025903,Stitchy Quick Clothi...
PEDIDO N.º 407-6593255-6981125,POWSAF Regleta de En...
PEDIDO N.º 407-0456870-2262731,Ballantine's Finest ...
PEDIDO N.º 407-8640711-4407509,Johnnie Walker Black...
PEDIDO N.º 407-2157027-1876304,DYC Whisky Nacional ...
PEDIDO N.º 407-2157027-1876304,DYC Whisky Nacional ...
